{
  "name": "cocot46plus",
  "vendorId": "0x1727",
  "productId": "0x0003",
  "lighting": "qmk_rgblight",
  "matrix": { "rows":10, "cols": 6 },
  "layouts": {
    "keymap": [
      [
        {
          "y": 4.7,
          "x": 10
        },
        "8,4",
        {
          "x": 0.25,
          "w": 0.75
        },
        "9,2",
        {
          "w": 0.75
        },
        "9,5"
      ],
      [
        {
          "rx": 7.5,
          "ry": 4,
          "y": -0.3500000000000001,
          "x": -0.5
        },
        "3,4"
      ],
      [
        {
          "y": 0.04999999999999982,
          "x": -0.75,
          "w": 0.75
        },
        "4,2",
        {
          "w": 0.75
        },
        "4,5"
      ],
      [
        {
          "r": 10,
          "y": -5.7,
          "x": -4.5
        },
        "0,3"
      ],
      [
        {
          "y": -0.8999999999999999,
          "x": -3.5
        },
        "0,4"
      ],
      [
        {
          "y": -0.9,
          "x": -2.5
        },
        "0,5"
      ],
      [
        {
          "y": -0.9500000000000002,
          "x": -5.5
        },
        "0,2"
      ],
      [
        {
          "y": -0.5,
          "x": -7.5,
          "c": "#aaaaaa"
        },
        "0,0",
        {
          "c": "#cccccc"
        },
        "0,1"
      ],
      [
        {
          "y": -0.75,
          "x": -4.5
        },
        "1,3"
      ],
      [
        {
          "y": -0.8999999999999999,
          "x": -3.5
        },
        "1,4"
      ],
      [
        {
          "y": -0.8999999999999999,
          "x": -2.5
        },
        "1,5"
      ],
      [
        {
          "y": -0.9500000000000002,
          "x": -5.5
        },
        "1,2"
      ],
      [
        {
          "y": -0.5,
          "x": -7.5,
          "c": "#aaaaaa"
        },
        "1,0",
        {
          "c": "#cccccc"
        },
        "1,1"
      ],
      [
        {
          "y": -0.7499999999999996,
          "x": -4.5
        },
        "2,3"
      ],
      [
        {
          "y": -0.8999999999999999,
          "x": -3.5
        },
        "2,4"
      ],
      [
        {
          "y": -0.8999999999999999,
          "x": -2.5
        },
        "2,5"
      ],
      [
        {
          "y": -0.9500000000000006,
          "x": -5.5
        },
        "2,2"
      ],
      [
        {
          "y": -0.5,
          "x": -7.5,
          "c": "#aaaaaa"
        },
        "2,0",
        {
          "c": "#cccccc"
        },
        "2,1"
      ],
      [
        {
          "y": -0.5,
          "x": -5,
          "c": "#aaaaaa"
        },
        "3,0",
        "3,1"
      ],
      [
        {
          "r": 20,
          "y": -1.75,
          "x": -1.5999999999999996,
          "c": "#cccccc"
        },
        "3,5"
      ],
      [
        {
          "y": 0.25,
          "x": -2.8499999999999996,
          "c": "#aaaaaa"
        },
        "3,2"
      ],
      [
        {
          "r": 30,
          "y": -0.75,
          "x": -1.625
        },
        "3,3"
      ],
      [
        {
          "r": -30,
          "y": -1,
          "x": 0.625
        },
        "8,3"
      ],
      [
        {
          "r": -20,
          "y": -2.5,
          "x": 0.5999999999999996,
          "c": "#cccccc"
        },
        "8,5"
      ],
      [
        {
          "y": 0.25,
          "x": 1.8499999999999996,
          "c": "#aaaaaa"
        },
        "8,2"
      ],
      [
        {
          "r": -10,
          "y": -4.75,
          "x": 3.5,
          "c": "#cccccc"
        },
        "5,3"
      ],
      [
        {
          "y": -0.8999999999999999,
          "x": 2.5
        },
        "5,4"
      ],
      [
        {
          "y": -0.9,
          "x": 1.5
        },
        "5,5"
      ],
      [
        {
          "y": -0.9500000000000002,
          "x": 4.5
        },
        "5,2"
      ],
      [
        {
          "y": -0.5,
          "x": 5.5
        },
        "5,1",
        {
          "c": "#aaaaaa"
        },
        "5,0"
      ],
      [
        {
          "y": -0.75,
          "x": 3.5,
          "c": "#cccccc"
        },
        "6,3"
      ],
      [
        {
          "y": -0.8999999999999999,
          "x": 2.5
        },
        "6,4"
      ],
      [
        {
          "y": -0.8999999999999999,
          "x": 1.5
        },
        "6,5"
      ],
      [
        {
          "y": -0.9500000000000002,
          "x": 4.5
        },
        "6,2"
      ],
      [
        {
          "y": -0.5,
          "x": 5.5
        },
        "6,1",
        {
          "c": "#aaaaaa"
        },
        "6,0"
      ],
      [
        {
          "y": -0.7499999999999996,
          "x": 3.5,
          "c": "#cccccc"
        },
        "7,3"
      ],
      [
        {
          "y": -0.8999999999999999,
          "x": 2.5
        },
        "7,4"
      ],
      [
        {
          "y": -0.8999999999999999,
          "x": 1.5
        },
        "7,5"
      ],
      [
        {
          "y": -0.9500000000000006,
          "x": 4.5
        },
        "7,2"
      ],
      [
        {
          "y": -0.5,
          "x": 5.5
        },
        "7,1",
        {
          "c": "#aaaaaa"
        },
        "7,0"
      ],
      [
        {
          "y": -0.5,
          "x": 3
        },
        "8,1",
        "8,0"
      ]
    ]
  }
}